GSP1 mutant,Partner strain name,Pearson Correlation Coefficient,Residue in core
D79S,kap95-e126k,0.4146,TRUE
Y148I,crm1_damp,0.4027,FALSE
R108L,ntf2-h104y,0.3827,FALSE
R108G,crm1_damp,0.3783,TRUE
R108L,ntf2-5001,0.3612,FALSE
R108Y,ntf2-h104y,0.3612,FALSE
G80A,kap95-e126k,0.3545,TRUE
R112A,ntf2-h104y,0.3533,FALSE
R108Y,crm1_damp,0.3453,TRUE
K101R,ntf2-h104y,0.3389,FALSE
R112S,ntf2-h104y,0.3353,FALSE
R108Q,crm1_damp,0.3291,TRUE
T34A,ntf2-5001,0.3231,FALSE
Q147E,kap95-e126k,0.323,TRUE
H141R,crm1_damp,0.3199,FALSE
K101R,srm1-ts,0.3197,TRUE
T34E,srm1-ts,0.3155,FALSE
T34Q,ntf2-h104y,0.3135,FALSE
R112A,ntf2-5001,0.3117,FALSE
T34E,ntf2-h104y,0.3116,FALSE
R108Y,ntf2-5001,0.3091,FALSE
D79S,ntf2-h104y,0.309,FALSE
D79S,srm1-ts,0.3085,FALSE
R112S,ntf2-5001,0.3043,FALSE
D79S,cse1-5002,0.3022,TRUE
T34Q,srm1-ts,0.3015,FALSE
T34A,ntf2-h104y,0.2946,FALSE
H141R,ntf2-h104y,0.2929,FALSE
T34E,yrb1-51,0.2898,TRUE
T34A,srm1-ts,0.2881,FALSE
T34E,kap95-e126k,0.2813,FALSE
T34A,kap95-e126k,0.2791,FALSE
R108L,srm1-ts,0.2773,TRUE
D79A,kap95-e126k,0.2754,TRUE
H141I,crm1_damp,0.2706,FALSE
T34Q,kap95-e126k,0.2681,FALSE
T34A,yrb1-51,0.2676,TRUE
T34Q,ntf2-5001,0.2588,FALSE
Y148I,ntf2-5001,0.2555,FALSE
K101R,ntf2-5001,0.255,FALSE
R108I,ntf2-5001,0.2544,FALSE
D79A,srm1-ts,0.251,FALSE
D79S,yrb1-51,0.2502,FALSE
H141I,ntf2-5001,0.2501,FALSE
T34G,cse1-5002,0.2467,FALSE
D79A,ntf2-h104y,0.2459,FALSE
K101R,kap95-e126k,0.2449,FALSE
T34Q,yrb1-51,0.241,TRUE
G80A,ntf2-h104y,0.2402,TRUE
T34G,kap95-e126k,0.2365,FALSE
K101R,srm1-g282s,0.2359,TRUE
G80A,cse1-5002,0.2357,TRUE
Y148I,ntf2-h104y,0.2355,FALSE
T34E,ntf2-5001,0.2354,FALSE
G80A,yrb1-51,0.2354,FALSE
D79S,srp1-5001,0.2343,FALSE
T34G,srm1-ts,0.2321,FALSE
G80A,crm1_damp,0.2317,TRUE
H141R,ntf2-5001,0.2296,FALSE
T34A,crm1_damp,0.2291,FALSE
R108I,ntf2-h104y,0.2275,FALSE
G80A,ntf2-5001,0.2275,TRUE
T34E,srm1-g282s,0.2249,FALSE
R108Q,ntf2-h104y,0.2245,FALSE
G80A,srm1-ts,0.2188,FALSE
H141E,rna1-s116f,0.2185,FALSE
R108L,crm1_damp,0.2176,TRUE
D79S,ntf2-5001,0.2171,FALSE
R108G,ntf2-h104y,0.2171,FALSE
Q147E,srm1-ts,0.2142,FALSE
R108G,ntf2-5001,0.2131,FALSE
T34A,cse1-5002,0.2104,FALSE
Q147E,ntf2-h104y,0.2101,FALSE
R108Y,srm1-ts,0.208,TRUE
R112A,crm1_damp,0.2075,TRUE
H141E,kap95-e126k,0.2073,FALSE
R108I,srm1-ts,0.2059,TRUE
D79A,cse1-5002,0.2047,TRUE
Q147E,ntf2-5001,0.2044,FALSE
T34Q,srm1-g282s,0.2038,FALSE
H141I,ntf2-h104y,0.2025,FALSE
T34E,cse1-5002,0.1994,FALSE
R112S,srm1-ts,0.1945,FALSE
Q147E,yrb1-51,0.1942,FALSE
R108Q,ntf2-5001,0.1936,FALSE
H141I,srm1-ts,0.1934,FALSE
R112A,srm1-ts,0.1929,FALSE
K101R,yrb1-51,0.1912,FALSE
R108Q,yrb2_damp,0.1895,FALSE
R112S,crm1_damp,0.1894,TRUE
H141I,kap95-e126k,0.188,FALSE
H141E,cse1-5002,0.1817,FALSE
T34E,srp1-5001,0.1805,FALSE
T34G,yrb1-51,0.1781,TRUE
T34G,srp1-5001,0.1779,FALSE
G80A,srp1-5001,0.1775,FALSE
H141E,ntf2-5001,0.1762,FALSE
R108L,kap95-e126k,0.1753,FALSE
T34Q,cse1-5002,0.1738,FALSE
T34A,srm1-g282s,0.1729,FALSE
R108I,kap95-e126k,0.1719,FALSE
H141R,yrb2_damp,0.1717,FALSE
D79A,srp1-5001,0.171,FALSE
H141E,ntf2-h104y,0.1682,FALSE
D79A,yrb1-51,0.1672,FALSE
R108G,yrb2_damp,0.1669,FALSE
Y148I,yrb2_damp,0.1654,FALSE
D79S,srm1-g282s,0.1652,FALSE
R108Y,yrb2_damp,0.165,FALSE
R108Y,kap95-e126k,0.1645,FALSE
T34A,rna1-s116f,0.1637,FALSE
D79A,ntf2-5001,0.1621,FALSE
H141R,srm1-ts,0.1596,FALSE
T34A,srp1-5001,0.1557,FALSE
D79A,srm1-g282s,0.1534,FALSE
T34Q,srp1-5001,0.1529,FALSE
H141E,rna1-1,0.1529,FALSE
R108L,srm1-g282s,0.1527,TRUE
Q147E,srm1-g282s,0.1524,FALSE
Y157A,crm1_damp,0.1495,TRUE
Q147E,cse1-5002,0.148,FALSE
T34G,srm1-g282s,0.1476,FALSE
R108G,srm1-ts,0.1462,TRUE
T34G,ntf2-h104y,0.1453,FALSE
H141E,srm1-ts,0.1446,FALSE
Q147E,srp1-5001,0.1417,FALSE
R108I,srm1-g282s,0.139,TRUE
H141E,crm1_damp,0.138,FALSE
Y148I,kap95-e126k,0.134,FALSE
R112A,kap95-e126k,0.1302,TRUE
T34E,rna1-1,0.1295,FALSE
Q147E,crm1_damp,0.1269,FALSE
H141I,yrb2_damp,0.1254,FALSE
D79A,rna1-s116f,0.1242,FALSE
R108I,crm1_damp,0.1232,TRUE
T34Q,rna1-s116f,0.1232,FALSE
R108Q,srm1-ts,0.1214,TRUE
T34A,rna1-1,0.1214,FALSE
T34G,rna1-1,0.1199,FALSE
R112S,yrb2_damp,0.1175,FALSE
R108I,yrb1-51,0.1171,FALSE
Y157A,rna1-s116f,0.1168,FALSE
R108G,kap95-e126k,0.1162,FALSE
R112S,srm1-g282s,0.1154,FALSE
H141R,kap95-e126k,0.115,FALSE
K101R,srp1-5001,0.1149,TRUE
Q147E,rna1-s116f,0.1139,FALSE
H141E,srp1-5001,0.1135,FALSE
R112S,kap95-e126k,0.1112,TRUE
D79S,rna1-s116f,0.1081,FALSE
G80A,srm1-g282s,0.1073,FALSE
H141I,srm1-g282s,0.1062,FALSE
H141I,rna1-s116f,0.1045,FALSE
R108Y,srm1-g282s,0.104,TRUE
T34G,rna1-s116f,0.1031,FALSE
R112A,srm1-g282s,0.1025,FALSE
H141E,yrb1-51,0.1023,FALSE
T34E,rna1-s116f,0.1013,FALSE
R112A,yrb2_damp,0.0975,FALSE
T34Q,rna1-1,0.0959,FALSE
G80A,rna1-s116f,0.0947,FALSE
Y148I,srm1-ts,0.0933,FALSE
T34E,los1,0.0932,FALSE
Y157A,kap95-e126k,0.092,TRUE
R108L,yrb1-51,0.0904,FALSE
D79S,rna1-1,0.089,FALSE
Y157A,rna1-1,0.0878,FALSE
K101R,cse1-5002,0.0869,FALSE
Y148I,rna1-s116f,0.086,FALSE
Y157A,yrb1-51,0.0843,FALSE
H141E,yrb2_damp,0.0828,FALSE
H141I,yrb1-51,0.082,FALSE
R108I,msn5,0.0815,TRUE
H141I,cse1-5002,0.0795,FALSE
D79S,crm1_damp,0.0789,TRUE
R108I,los1,0.075,TRUE
T34Q,crm1_damp,0.0745,FALSE
G80A,rna1-1,0.0735,FALSE
T34E,crm1_damp,0.0732,FALSE
R108I,cse1-5002,0.0721,FALSE
K101R,los1,0.0704,FALSE
H141I,rna1-1,0.0702,FALSE
R108L,los1,0.0699,TRUE
T34A,los1,0.0695,FALSE
Q147E,rna1-1,0.0666,FALSE
Y148I,yrb1-51,0.0651,FALSE
Y157A,cse1-5002,0.0637,FALSE
R108G,srm1-g282s,0.0626,TRUE
T34Q,los1,0.0616,FALSE
R108L,msn5,0.0612,TRUE
R108G,rna1-1,0.0609,FALSE
Y157A,ntf2-5001,0.0609,FALSE
R108Q,kap95-e126k,0.0608,FALSE
R108Q,msn5,0.0592,TRUE
H141I,srp1-5001,0.059,FALSE
R108G,msn5,0.0587,TRUE
R108G,rna1-s116f,0.0578,FALSE
H141R,srm1-g282s,0.0573,FALSE
D79A,rna1-1,0.0562,FALSE
G80A,yrb2_damp,0.0522,FALSE
R108I,srp1-5001,0.0516,FALSE
D79S,los1,0.0504,FALSE
Y148I,rna1-1,0.0501,FALSE
Y148I,srm1-g282s,0.0482,FALSE
D79A,crm1_damp,0.0482,TRUE
R108L,srp1-5001,0.047,FALSE
R108I,rna1-1,0.045,FALSE
R112S,rna1-s116f,0.044,FALSE
Q147E,los1,0.0436,FALSE
R112S,rna1-1,0.0432,FALSE
R108L,yrb2_damp,0.0422,FALSE
Y157A,yrb2_damp,0.0396,FALSE
R108G,cse1-5002,0.0379,FALSE
H141R,srp1-5001,0.0373,FALSE
K101R,rna1-1,0.0371,FALSE
H141R,rna1-s116f,0.0365,FALSE
R112S,srp1-5001,0.0361,FALSE
Y157A,srm1-ts,0.0354,FALSE
Y157A,los1,0.035,FALSE
R108Y,rna1-1,0.0347,FALSE
R108Y,srp1-5001,0.0337,FALSE
Y157A,ntf2-h104y,0.0334,FALSE
R108Y,yrb1-51,0.0329,FALSE
Y157A,srp1-5001,0.0327,FALSE
R108Y,cse1-5002,0.0326,FALSE
R112A,srp1-5001,0.03,FALSE
R112A,yrb1-51,0.0288,FALSE
T34G,los1,0.028,FALSE
R112A,rna1-s116f,0.0278,FALSE
R108Y,rna1-s116f,0.0276,FALSE
D79A,yrb2_damp,0.0269,FALSE
T34G,ntf2-5001,0.0259,FALSE
R78K,srm1-g282s,0.022,FALSE
K101R,crm1_damp,0.0213,FALSE
R78K,yrb2_damp,0.0212,FALSE
Y148I,cse1-5002,0.0209,FALSE
Q147E,yrb2_damp,0.0179,FALSE
R108L,cse1-5002,0.0164,FALSE
D79A,los1,0.0141,FALSE
Y148I,srp1-5001,0.0138,FALSE
T34A,msn5,0.0133,FALSE
R78K,srm1-ts,0.0124,FALSE
H141E,los1,0.0123,FALSE
R108G,yrb1-51,0.01,FALSE
R112A,los1,0.0098,TRUE
R112A,msn5,0.0097,TRUE
T34A,yrb2_damp,0.0095,TRUE
R108I,rna1-s116f,0.0091,FALSE
R112A,rna1-1,0.0089,FALSE
R108I,yrb2_damp,0.0064,FALSE
H141E,srm1-g282s,0.0056,FALSE
K101R,rna1-s116f,0.0042,FALSE
D79S,yrb2_damp,0.0011,FALSE
R112S,yrb1-51,0.0011,FALSE
G80A,los1,-0.0018,TRUE
H141R,yrb1-51,-0.0029,FALSE
R108Q,srm1-g282s,-0.0031,TRUE
R108Q,rna1-1,-0.0038,FALSE
R112S,msn5,-0.0048,TRUE
T34G,yrb2_damp,-0.0063,TRUE
H141R,cse1-5002,-0.0069,FALSE
R78K,rna1-s116f,-0.0072,FALSE
R108L,rna1-1,-0.0079,FALSE
R108Y,msn5,-0.0083,TRUE
R108Y,los1,-0.0089,TRUE
R78K,srp1-5001,-0.0124,FALSE
R108G,los1,-0.0126,TRUE
R78K,los1,-0.0127,FALSE
R112A,cse1-5002,-0.013,TRUE
Y157A,msn5,-0.0139,FALSE
R112S,los1,-0.0142,TRUE
D79A,msn5,-0.0197,TRUE
T34G,crm1_damp,-0.0216,FALSE
H141R,rna1-1,-0.0229,FALSE
R78K,msn5,-0.023,FALSE
H141I,los1,-0.0242,FALSE
H141I,msn5,-0.0244,FALSE
Y148I,msn5,-0.0253,FALSE
K101R,msn5,-0.0271,FALSE
T34Q,yrb2_damp,-0.0272,TRUE
R108G,srp1-5001,-0.0277,FALSE
R112S,cse1-5002,-0.0303,TRUE
R108Q,cse1-5002,-0.0317,FALSE
R108L,rna1-s116f,-0.032,FALSE
Q147E,msn5,-0.0322,FALSE
R78K,ntf2-h104y,-0.0322,TRUE
T34E,yrb2_damp,-0.033,TRUE
H141R,msn5,-0.0364,FALSE
R108Q,rna1-s116f,-0.0378,FALSE
T34Q,msn5,-0.0382,FALSE
Y157A,srm1-g282s,-0.039,FALSE
R78K,ntf2-5001,-0.0426,TRUE
H141E,msn5,-0.0441,FALSE
D79S,msn5,-0.0471,TRUE
T34G,msn5,-0.0479,FALSE
R78K,kap95-e126k,-0.0485,FALSE
H141R,los1,-0.0521,FALSE
R108Q,los1,-0.0593,TRUE
Y148I,los1,-0.0601,FALSE
K101R,yrb2_damp,-0.0651,FALSE
R108Q,srp1-5001,-0.0685,FALSE
R108Q,yrb1-51,-0.0696,FALSE
R78K,cse1-5002,-0.0696,TRUE
R78K,rna1-1,-0.0711,FALSE
T34E,msn5,-0.0741,FALSE
R78K,yrb1-51,-0.0814,FALSE
R78K,crm1_damp,-0.0839,TRUE
G80A,msn5,-0.0892,TRUE
