mutant,strain,pearson,greater_fdr,is_strong,is_core,partner
D79S,yrb1-51,0.2502,0,TRUE,FALSE,TRUE
D79S,ntf2-h104y,0.309,0,TRUE,FALSE,TRUE
D79S,ntf2-5001,0.2171,0,TRUE,FALSE,TRUE
D79S,srm1-g282s,0.1652,0,TRUE,FALSE,TRUE
D79S,srm1-ts,0.3085,0,TRUE,FALSE,TRUE
D79S,cse1-5002,0.3022,0,TRUE,TRUE,TRUE
D79S,kap95-e126k,0.4146,0,TRUE,TRUE,TRUE
D79S,rna1-1,0.089,0.03357142857142857,TRUE,FALSE,TRUE
D79S,rna1-s116f,0.1081,0.005912903225806451,TRUE,FALSE,TRUE
D79S,srp1-5001,0.2343,0,TRUE,FALSE,TRUE
D79S,msn5,-0.0471,1,TRUE,TRUE,TRUE
Q147E,yrb1-51,0.1942,0,TRUE,FALSE,TRUE
Q147E,ntf2-h104y,0.2101,0,TRUE,FALSE,TRUE
Q147E,ntf2-5001,0.2044,0,TRUE,FALSE,TRUE
Q147E,srm1-g282s,0.1524,0,TRUE,FALSE,TRUE
Q147E,srm1-ts,0.2142,0,TRUE,FALSE,TRUE
Q147E,cse1-5002,0.148,0,TRUE,FALSE,TRUE
Q147E,kap95-e126k,0.323,0,TRUE,TRUE,TRUE
Q147E,rna1-1,0.0666,0.20241717791411043,TRUE,FALSE,TRUE
Q147E,rna1-s116f,0.1139,0.003559223300970874,TRUE,FALSE,TRUE
Q147E,srp1-5001,0.1417,0,TRUE,FALSE,TRUE
Q147E,msn5,-0.0322,1,TRUE,FALSE,TRUE
Q147E,los1,0.0436,0.46846623586429725,TRUE,FALSE,TRUE
D79S,los1,0.0504,0.2927116279069767,TRUE,FALSE,TRUE
R108G,yrb1-51,0.01,0.6823034584980238,TRUE,FALSE,TRUE
R108G,ntf2-h104y,0.2171,0,TRUE,FALSE,TRUE
R108G,ntf2-5001,0.2131,0,TRUE,FALSE,TRUE
R108G,srm1-g282s,0.0626,0.13374332247557005,TRUE,TRUE,TRUE
R108G,srm1-ts,0.1462,0,TRUE,TRUE,TRUE
R108G,cse1-5002,0.0379,0.35165620121422375,TRUE,FALSE,TRUE
R108G,kap95-e126k,0.1162,0.002563636363636364,TRUE,FALSE,TRUE
R108G,rna1-1,0.0609,0.15312256097560978,TRUE,FALSE,TRUE
R108G,rna1-s116f,0.0578,0.16992618025751072,TRUE,FALSE,TRUE
R108G,srp1-5001,-0.0277,0.9626648822960335,TRUE,FALSE,TRUE
R108G,msn5,0.0587,0.1704873038516405,TRUE,TRUE,TRUE
R108G,los1,-0.0126,0.8872177745134044,TRUE,TRUE,TRUE
R108I,yrb1-51,0.1171,0.004823684210526316,TRUE,FALSE,TRUE
R108I,ntf2-h104y,0.2275,0,TRUE,FALSE,TRUE
R108I,ntf2-5001,0.2544,0,TRUE,FALSE,TRUE
R108I,srm1-g282s,0.139,0,TRUE,TRUE,TRUE
R108I,srm1-ts,0.2059,0,TRUE,TRUE,TRUE
R108I,cse1-5002,0.0721,0.20123152173913045,TRUE,FALSE,TRUE
R108I,kap95-e126k,0.1719,0,TRUE,FALSE,TRUE
R108I,rna1-1,0.045,0.5485007633587786,TRUE,FALSE,TRUE
R108I,rna1-s116f,0.0091,0.9484737683089214,TRUE,FALSE,TRUE
R108I,srp1-5001,0.0516,0.42814598540145987,TRUE,FALSE,TRUE
R108I,msn5,0.0815,0.13682957746478874,TRUE,TRUE,TRUE
R108I,los1,0.075,0.1698878048780488,TRUE,TRUE,TRUE
R108L,yrb1-51,0.0904,0.07461769911504425,TRUE,FALSE,TRUE
R108L,ntf2-h104y,0.3827,0,TRUE,FALSE,TRUE
R108L,ntf2-5001,0.3612,0,TRUE,FALSE,TRUE
R108L,srm1-g282s,0.1527,0,TRUE,TRUE,TRUE
R108L,srm1-ts,0.2773,0,TRUE,TRUE,TRUE
R108L,cse1-5002,0.0164,1,TRUE,FALSE,TRUE
R108L,kap95-e126k,0.1753,0,TRUE,FALSE,TRUE
R108L,rna1-1,-0.0079,1,TRUE,FALSE,TRUE
R108L,rna1-s116f,-0.032,1,TRUE,FALSE,TRUE
R108L,srp1-5001,0.047,0.740009907120743,TRUE,FALSE,TRUE
R108L,msn5,0.0612,0.4715887323943662,TRUE,TRUE,TRUE
R108L,los1,0.0699,0.2697622641509434,TRUE,TRUE,TRUE
R108Q,yrb1-51,-0.0696,1,TRUE,FALSE,TRUE
R108Q,ntf2-h104y,0.2245,0,TRUE,FALSE,TRUE
R108Q,ntf2-5001,0.1936,0,TRUE,FALSE,TRUE
R108Q,srm1-g282s,-0.0031,0.885485049239033,TRUE,TRUE,TRUE
R108Q,srm1-ts,0.1214,0,TRUE,TRUE,TRUE
R108Q,cse1-5002,-0.0317,1,TRUE,FALSE,TRUE
R108Q,kap95-e126k,0.0608,0.15757939609236235,TRUE,FALSE,TRUE
R108Q,rna1-1,-0.0038,0.8892724137931033,TRUE,FALSE,TRUE
R108Q,rna1-s116f,-0.0378,1,TRUE,FALSE,TRUE
R108Q,srp1-5001,-0.0685,1,TRUE,FALSE,TRUE
R108Q,msn5,0.0592,0.18801511254019293,TRUE,TRUE,TRUE
R108Q,los1,-0.0593,1,TRUE,TRUE,TRUE
R108Y,yrb1-51,0.0329,0.6067449401523395,TRUE,FALSE,TRUE
R108Y,ntf2-h104y,0.3612,0,TRUE,FALSE,TRUE
R108Y,ntf2-5001,0.3091,0,TRUE,FALSE,TRUE
R108Y,srm1-g282s,0.104,0.010549640287769784,TRUE,TRUE,TRUE
R108Y,srm1-ts,0.208,0,TRUE,TRUE,TRUE
R108Y,cse1-5002,0.0326,0.5949671444321941,TRUE,FALSE,TRUE
R108Y,kap95-e126k,0.1645,0,TRUE,FALSE,TRUE
R108Y,rna1-1,0.0347,0.5775205479452056,TRUE,FALSE,TRUE
R108Y,rna1-s116f,0.0276,0.6718059672762272,TRUE,FALSE,TRUE
R108Y,srp1-5001,0.0337,0.5790613636363637,TRUE,FALSE,TRUE
R108Y,msn5,-0.0083,1,TRUE,TRUE,TRUE
R108Y,los1,-0.0089,1,TRUE,TRUE,TRUE
R112A,yrb1-51,0.0288,0.7882959537572254,TRUE,FALSE,TRUE
R112A,ntf2-h104y,0.3533,0,TRUE,FALSE,TRUE
R112A,ntf2-5001,0.3117,0,TRUE,FALSE,TRUE
R112A,srm1-g282s,0.1025,0.024714606741573032,TRUE,FALSE,TRUE
R112A,srm1-ts,0.1929,0,TRUE,FALSE,TRUE
R112A,cse1-5002,-0.013,1,TRUE,TRUE,TRUE
R112A,kap95-e126k,0.1302,0,TRUE,TRUE,TRUE
R112A,rna1-1,0.0089,1,TRUE,FALSE,TRUE
R112A,rna1-s116f,0.0278,0.7927725,TRUE,FALSE,TRUE
R112A,srp1-5001,0.03,0.7652944512946979,TRUE,FALSE,TRUE
R112A,msn5,0.0097,1,TRUE,TRUE,TRUE
R112A,los1,0.0098,1,TRUE,TRUE,TRUE
R112S,yrb1-51,0.0011,1,TRUE,FALSE,TRUE
R112S,ntf2-h104y,0.3353,0,TRUE,FALSE,TRUE
R112S,ntf2-5001,0.3043,0,TRUE,FALSE,TRUE
R112S,srm1-g282s,0.1154,0.005728125000000001,TRUE,FALSE,TRUE
R112S,srm1-ts,0.1945,0,TRUE,FALSE,TRUE
R112S,cse1-5002,-0.0303,1,TRUE,TRUE,TRUE
R112S,kap95-e126k,0.1112,0.010782352941176472,TRUE,TRUE,TRUE
R112S,rna1-1,0.0432,0.6312502857142857,TRUE,FALSE,TRUE
R112S,rna1-s116f,0.044,0.6131952095808383,TRUE,FALSE,TRUE
R112S,srp1-5001,0.0361,0.7343546456692914,TRUE,FALSE,TRUE
R112S,msn5,-0.0048,1,TRUE,TRUE,TRUE
R112S,los1,-0.0142,1,TRUE,TRUE,TRUE
R78K,yrb1-51,-0.0814,1,TRUE,FALSE,TRUE
R78K,ntf2-h104y,-0.0322,1,TRUE,TRUE,TRUE
R78K,ntf2-5001,-0.0426,1,TRUE,TRUE,TRUE
R78K,srm1-g282s,0.022,1,TRUE,FALSE,TRUE
R78K,srm1-ts,0.0124,1,TRUE,FALSE,TRUE
R78K,cse1-5002,-0.0696,1,TRUE,TRUE,TRUE
R78K,kap95-e126k,-0.0485,1,TRUE,FALSE,TRUE
R78K,rna1-1,-0.0711,1,TRUE,FALSE,TRUE
R78K,rna1-s116f,-0.0072,1,TRUE,FALSE,TRUE
R78K,srp1-5001,-0.0124,1,TRUE,FALSE,TRUE
R78K,msn5,-0.023,1,TRUE,FALSE,TRUE
R78K,los1,-0.0127,1,TRUE,FALSE,TRUE
T34A,yrb1-51,0.2676,0,TRUE,TRUE,TRUE
T34A,ntf2-h104y,0.2946,0,TRUE,FALSE,TRUE
T34A,ntf2-5001,0.3231,0,TRUE,FALSE,TRUE
T34A,srm1-g282s,0.1729,0,TRUE,FALSE,TRUE
T34A,srm1-ts,0.2881,0,TRUE,FALSE,TRUE
T34A,cse1-5002,0.2104,0,TRUE,FALSE,TRUE
T34A,kap95-e126k,0.2791,0,TRUE,FALSE,TRUE
T34A,rna1-1,0.1214,0.003187826086956522,TRUE,FALSE,TRUE
T34A,rna1-s116f,0.1637,0,TRUE,FALSE,TRUE
T34A,srp1-5001,0.1557,0,TRUE,FALSE,TRUE
T34A,msn5,0.0133,0.854471685082873,TRUE,FALSE,TRUE
T34A,los1,0.0695,0.14664000000000002,TRUE,FALSE,TRUE
T34E,yrb1-51,0.2898,0,TRUE,TRUE,TRUE
T34E,ntf2-h104y,0.3116,0,TRUE,FALSE,TRUE
T34E,ntf2-5001,0.2354,0,TRUE,FALSE,TRUE
T34E,srm1-g282s,0.2249,0,TRUE,FALSE,TRUE
T34E,srm1-ts,0.3155,0,TRUE,FALSE,TRUE
T34E,cse1-5002,0.1994,0,TRUE,FALSE,TRUE
T34E,kap95-e126k,0.2813,0,TRUE,FALSE,TRUE
T34E,rna1-1,0.1295,0,TRUE,FALSE,TRUE
T34E,rna1-s116f,0.1013,0.014566887417218542,TRUE,FALSE,TRUE
T34E,srp1-5001,0.1805,0,TRUE,FALSE,TRUE
T34E,msn5,-0.0741,1,TRUE,FALSE,TRUE
T34E,los1,0.0932,0.027495,TRUE,FALSE,TRUE
T34G,yrb1-51,0.1781,0,TRUE,TRUE,TRUE
T34G,ntf2-h104y,0.1453,0,TRUE,FALSE,TRUE
T34G,ntf2-5001,0.0259,0.7255473161033796,TRUE,FALSE,TRUE
T34G,srm1-g282s,0.1476,0,TRUE,FALSE,TRUE
T34G,srm1-ts,0.2321,0,TRUE,FALSE,TRUE
T34G,cse1-5002,0.2467,0,TRUE,FALSE,TRUE
T34G,kap95-e126k,0.2365,0,TRUE,FALSE,TRUE
T34G,rna1-1,0.1199,0.002335031847133758,TRUE,FALSE,TRUE
T34G,rna1-s116f,0.1031,0.009596858638743455,TRUE,FALSE,TRUE
T34G,srp1-5001,0.1779,0,TRUE,FALSE,TRUE
T34G,msn5,-0.0479,1,TRUE,FALSE,TRUE
T34G,los1,0.028,0.6979205020920501,TRUE,FALSE,TRUE
T34Q,yrb1-51,0.241,0,TRUE,TRUE,TRUE
T34Q,ntf2-h104y,0.3135,0,TRUE,FALSE,TRUE
T34Q,ntf2-5001,0.2588,0,TRUE,FALSE,TRUE
T34Q,srm1-g282s,0.2038,0,TRUE,FALSE,TRUE
T34Q,srm1-ts,0.3015,0,TRUE,FALSE,TRUE
T34Q,cse1-5002,0.1738,0,TRUE,FALSE,TRUE
T34Q,kap95-e126k,0.2681,0,TRUE,FALSE,TRUE
T34Q,rna1-1,0.0959,0.028020382165605092,TRUE,FALSE,TRUE
T34Q,rna1-s116f,0.1232,0,TRUE,FALSE,TRUE
T34Q,srp1-5001,0.1529,0,TRUE,FALSE,TRUE
T34Q,msn5,-0.0382,1,TRUE,FALSE,TRUE
T34Q,los1,0.0616,0.2472923076923077,TRUE,FALSE,TRUE
Y148I,yrb1-51,0.0651,0.1227875,TRUE,FALSE,TRUE
Y148I,ntf2-h104y,0.2355,0,TRUE,FALSE,TRUE
Y148I,ntf2-5001,0.2555,0,TRUE,FALSE,TRUE
Y148I,srm1-g282s,0.0482,0.24559413680781758,TRUE,FALSE,TRUE
Y148I,srm1-ts,0.0933,0.019816216216216216,TRUE,FALSE,TRUE
Y148I,cse1-5002,0.0209,0.5279882758620689,TRUE,FALSE,TRUE
Y148I,kap95-e126k,0.134,0,TRUE,FALSE,TRUE
Y148I,rna1-1,0.0501,0.2343635960044395,TRUE,FALSE,TRUE
Y148I,rna1-s116f,0.086,0.033944444444444444,TRUE,FALSE,TRUE
Y148I,srp1-5001,0.0138,0.6134327718223583,TRUE,FALSE,TRUE
Y148I,msn5,-0.0253,0.9498986490939043,TRUE,FALSE,TRUE
Y148I,los1,-0.0601,1,TRUE,FALSE,TRUE
Y157A,yrb1-51,0.0843,0.0846,TRUE,FALSE,TRUE
Y157A,ntf2-h104y,0.0334,0.7401982378854626,TRUE,FALSE,TRUE
Y157A,ntf2-5001,0.0609,0.2691493670886076,TRUE,FALSE,TRUE
Y157A,srm1-g282s,-0.039,1,TRUE,FALSE,TRUE
Y157A,srm1-ts,0.0354,0.7186256880733946,TRUE,FALSE,TRUE
Y157A,cse1-5002,0.0637,0.2468686868686869,TRUE,FALSE,TRUE
Y157A,kap95-e126k,0.092,0.03830149253731343,TRUE,TRUE,TRUE
Y157A,rna1-1,0.0878,0.062210909090909094,TRUE,FALSE,TRUE
Y157A,rna1-s116f,0.1168,0.004823684210526316,TRUE,FALSE,TRUE
Y157A,srp1-5001,0.0327,0.7656702857142857,TRUE,FALSE,TRUE
Y157A,msn5,-0.0139,1,TRUE,FALSE,TRUE
Y157A,los1,0.035,0.7197878048780488,TRUE,FALSE,TRUE
G80A,yrb1-51,0.2354,0,TRUE,FALSE,TRUE
G80A,ntf2-h104y,0.2402,0,TRUE,TRUE,TRUE
G80A,ntf2-5001,0.2275,0,TRUE,TRUE,TRUE
G80A,srm1-g282s,0.1073,0.00611,TRUE,FALSE,TRUE
G80A,srm1-ts,0.2188,0,TRUE,FALSE,TRUE
G80A,cse1-5002,0.2357,0,TRUE,TRUE,TRUE
G80A,kap95-e126k,0.3545,0,TRUE,TRUE,TRUE
G80A,rna1-1,0.0735,0.0981448818897638,TRUE,FALSE,TRUE
G80A,rna1-s116f,0.0947,0.021181333333333333,TRUE,FALSE,TRUE
G80A,srp1-5001,0.1775,0,TRUE,FALSE,TRUE
G80A,msn5,-0.0892,1,TRUE,TRUE,TRUE
G80A,los1,-0.0018,0.8943672727272727,TRUE,TRUE,TRUE
H141E,yrb1-51,0.1023,0.009720454545454546,TRUE,FALSE,TRUE
H141E,ntf2-h104y,0.1682,0,TRUE,FALSE,TRUE
H141E,ntf2-5001,0.1762,0,TRUE,FALSE,TRUE
H141E,srm1-g282s,0.0056,0.8530117263843647,TRUE,FALSE,TRUE
H141E,srm1-ts,0.1446,0,TRUE,FALSE,TRUE
H141E,cse1-5002,0.1817,0,TRUE,FALSE,TRUE
H141E,kap95-e126k,0.2073,0,TRUE,FALSE,TRUE
H141E,rna1-1,0.1529,0,TRUE,FALSE,TRUE
H141E,rna1-s116f,0.2185,0,TRUE,FALSE,TRUE
H141E,srp1-5001,0.1135,0.0017882926829268294,TRUE,FALSE,TRUE
H141E,msn5,-0.0441,1,TRUE,FALSE,TRUE
H141E,los1,0.0123,0.7697930614729153,TRUE,FALSE,TRUE
H141I,yrb1-51,0.082,0.06333289036544851,TRUE,FALSE,TRUE
H141I,ntf2-h104y,0.2025,0,TRUE,FALSE,TRUE
H141I,ntf2-5001,0.2501,0,TRUE,FALSE,TRUE
H141I,srm1-g282s,0.1062,0.00743108108108108,TRUE,FALSE,TRUE
H141I,srm1-ts,0.1934,0,TRUE,FALSE,TRUE
H141I,cse1-5002,0.0795,0.0625304347826087,TRUE,FALSE,TRUE
H141I,kap95-e126k,0.188,0,TRUE,FALSE,TRUE
H141I,rna1-1,0.0702,0.1183720481927711,TRUE,FALSE,TRUE
H141I,rna1-s116f,0.1045,0.0094,TRUE,FALSE,TRUE
H141I,srp1-5001,0.059,0.188975956284153,TRUE,FALSE,TRUE
H141I,msn5,-0.0244,0.9709844739530133,TRUE,FALSE,TRUE
H141I,los1,-0.0242,0.9722222071767095,TRUE,FALSE,TRUE
H141R,yrb1-51,-0.0029,1,TRUE,FALSE,TRUE
H141R,ntf2-h104y,0.2929,0,TRUE,FALSE,TRUE
H141R,ntf2-5001,0.2296,0,TRUE,FALSE,TRUE
H141R,srm1-g282s,0.0573,0.30211373493975907,TRUE,FALSE,TRUE
H141R,srm1-ts,0.1596,0,TRUE,FALSE,TRUE
H141R,cse1-5002,-0.0069,1,TRUE,FALSE,TRUE
H141R,kap95-e126k,0.115,0.0026759124087591245,TRUE,FALSE,TRUE
H141R,rna1-1,-0.0229,1,TRUE,FALSE,TRUE
H141R,rna1-s116f,0.0365,0.6278728033472804,TRUE,FALSE,TRUE
H141R,srp1-5001,0.0373,0.6057327586206898,TRUE,FALSE,TRUE
H141R,msn5,-0.0364,1,TRUE,FALSE,TRUE
H141R,los1,-0.0521,1,TRUE,FALSE,TRUE
K101R,yrb1-51,0.1912,0,TRUE,FALSE,TRUE
K101R,ntf2-h104y,0.3389,0,TRUE,FALSE,TRUE
K101R,ntf2-5001,0.255,0,TRUE,FALSE,TRUE
K101R,srm1-g282s,0.2359,0,TRUE,TRUE,TRUE
K101R,srm1-ts,0.3197,0,TRUE,TRUE,TRUE
K101R,cse1-5002,0.0869,0.06788888888888889,TRUE,FALSE,TRUE
K101R,kap95-e126k,0.2449,0,TRUE,FALSE,TRUE
K101R,rna1-1,0.0371,0.826727374301676,TRUE,FALSE,TRUE
K101R,rna1-s116f,0.0042,1,TRUE,FALSE,TRUE
K101R,srp1-5001,0.1149,0.00362970297029703,TRUE,TRUE,TRUE
K101R,msn5,-0.0271,1,TRUE,FALSE,TRUE
K101R,los1,0.0704,0.19367547169811322,TRUE,FALSE,TRUE
D79A,yrb1-51,0.1672,0,TRUE,FALSE,TRUE
D79A,ntf2-h104y,0.2459,0,TRUE,FALSE,TRUE
D79A,ntf2-5001,0.1621,0,TRUE,FALSE,TRUE
D79A,srm1-g282s,0.1534,0,TRUE,FALSE,TRUE
D79A,srm1-ts,0.251,0,TRUE,FALSE,TRUE
D79A,cse1-5002,0.2047,0,TRUE,TRUE,TRUE
D79A,kap95-e126k,0.2754,0,TRUE,TRUE,TRUE
D79A,rna1-1,0.0562,0.28384277227722776,TRUE,FALSE,TRUE
D79A,rna1-s116f,0.1242,0,TRUE,FALSE,TRUE
D79A,srp1-5001,0.171,0,TRUE,FALSE,TRUE
D79A,msn5,-0.0197,1,TRUE,TRUE,TRUE
D79A,los1,0.0141,0.8043387423935091,TRUE,FALSE,TRUE
